posttitle,postlink,postid,numvotes,numcomments,filter,periodfilter,postdate,posttime,timeago,textlength,postdescription,postvisual,visualtype,visualcount,downloadedfiles,audiofile
Every Legend of Zelda,https://www.reddit.com/r/gaming/comments/c3rje3/every_legend_of_zelda/,c3rje3,101257,1159,top,All time,"Saturday, June 22, 2019",06:16 PM UTC,NA,0,NA,https://i.redd.it/zh6r45ajnx531.jpg,IMAGE,1,legendofzeldatopalltime1img.jpg,NA
"Proud of my 72-year-old father! After 215 hours, he finally beat his first console game ever, The Legend of Zelda, Breath of the Wild!",https://www.reddit.com/r/gaming/comments/81u8nj/proud_of_my_72yearold_father_after_215_hours_he/,81u8nj,99730,1725,top,All time,"Sunday, March 04, 2018",01:25 AM UTC,NA,0,NA,https://i.redd.it/si65ot1v4nj01.jpg,IMAGE,1,legendofzeldatopalltime2img.jpg,NA
"Today is Shigeru Miyamoto's 68th Birthday! He is the creator of Mario, The Legend of Zelda, Donkey Kong, Pikmin, and Star Fox.",https://www.reddit.com/r/gaming/comments/jv7vk2/today_is_shigeru_miyamotos_68th_birthday_he_is/,jv7vk2,92096,1342,top,All time,"Monday, November 16, 2020",03:43 PM UTC,NA,0,NA,https://i.redd.it/6qxqjf3l6mz51.jpg,IMAGE,1,legendofzeldatopalltime3img.jpg,NA
"Last I heard, it was called The Legend of ZELDA",https://www.reddit.com/r/gaming/comments/gu20mb/last_i_heard_it_was_called_the_legend_of_zelda/,gu20mb,91703,1408,top,All time,"Sunday, May 31, 2020",06:26 PM UTC,NA,0,NA,NA,NONE,0,NA,NA
"In 1987 Robin Williams played a new game called The Legend of Zelda. He and his wife loved it so much they named their daughter after it. In 2011, Robin and Zelda starred in a commercial for Zelda Skyward Sword. And in Breath of the Wild there is a character that has a striking resemblance to Robin.",https://www.reddit.com/r/interestingasfuck/comments/1nvpifd/in_1987_robin_williams_played_a_new_game_called/,1nvpifd,80905,464,top,All time,"Thursday, October 02, 2025",02:36 AM UTC,NA,0,NA,https://i.redd.it/7dxwuvbiglsf1.jpeg,IMAGE,1,legendofzeldatopalltime5img.jpg,NA
Tactical nuke incoming [The Legend of Zelda: Breath of the Wild],https://www.reddit.com/r/gaming/comments/ejin40/tactical_nuke_incoming_the_legend_of_zelda_breath/,ejin40,79228,1441,top,All time,"Friday, January 03, 2020",06:32 PM UTC,NA,0,NA,NA,NONE,0,NA,NA
This is some looney toones stuff [The Legend of Zelda: Breath of the Wild],https://www.reddit.com/r/gaming/comments/f8x42a/this_is_some_looney_toones_stuff_the_legend_of/,f8x42a,78830,721,top,All time,"Monday, February 24, 2020",09:01 PM UTC,NA,0,NA,NA,NONE,0,NA,NA
I got The Legend of Zelda for my Switch.,https://www.reddit.com/r/gaming/comments/c0oqgc/i_got_the_legend_of_zelda_for_my_switch/,c0oqgc,75661,646,top,All time,"Friday, June 14, 2019",10:14 PM UTC,NA,0,NA,https://i.redd.it/4qk766ltqd431.jpg,IMAGE,1,legendofzeldatopalltime8img.jpg,NA
"After 755 hours, my grandmother has finally beaten The Legend of Zelda: Twilight Princess",https://www.reddit.com/r/gaming/comments/cak9re/after_755_hours_my_grandmother_has_finally_beaten/,cak9re,66416,1217,top,All time,"Monday, July 08, 2019",02:14 PM UTC,NA,0,NA,https://i.redd.it/ajfkk4mxm2931.jpg,IMAGE,1,legendofzeldatopalltime9img.jpg,NA
"Since people are always upset that their characters are not being portrayed by actors who look exactly like them in live action adaptations, the creators of Legend of Zelda (2027) have cast someone who looks exactly like Zelda, this will thankfully have no drama surrounding this casting choice.",https://www.reddit.com/r/shittymoviedetails/comments/1l1tzqj/since_people_are_always_upset_that_their/,1l1tzqj,59764,59,top,All time,"Monday, June 02, 2025",11:17 PM UTC,NA,0,NA,https://i.redd.it/gf5rqdnryk4f1.jpeg,IMAGE,1,legendofzeldatopalltime10img.jpg,NA
